"","Value","Duration","Start","End","mean_x","mean_y","POGsdSacAmp","RMS","subj","trial_id","stim","session_id","Order","Trial"
"1","f",1186.66666666667,1,1186.66666666667,966.835092081531,551.37576743952,0.412925675081101,0.257537549575074,"D","casa","casa",1,1,1
"3","f",526.666666666667,1314.33333333333,1840,1029.35902779012,149.125375095802,0.376913850470259,0.295692665785038,"D","casa","casa",1,3,1
"5","f",353.333333333333,1847.66666666667,2200,1111.26538913655,136.486833392449,0.353722626688065,0.28388532056107,"D","casa","casa",1,5,1
"7","f",173.333333333333,2227.66666666667,2400,1138.78855221088,245.648079505333,0.213008260289216,0.194127646550454,"D","casa","casa",1,7,1
"9","f",506.666666666667,2427.66666666667,2933.33333333333,1145.81393723739,413.846620986336,0.330879236696887,0.219698726059981,"D","casa","casa",1,9,1
"11","f",300,2954.33333333333,3253.33333333333,1153.11103990343,543.136799928877,0.420965354441792,0.300169383876449,"D","casa","casa",1,11,1
"13","f",1680,3281,4960,967.58240003294,733.567328498477,0.695198659914852,0.253622807465997,"D","casa","casa",1,13,1
"15","f",146.666666666667,4967.66666666667,5113.33333333333,905.427490754561,800.918673428622,0.396441717810993,0.340839811550383,"D","casa","casa",1,15,1
"17","f",1066.66666666667,5127.66666666667,6193.33333333333,789.498300266266,912.45818195343,0.725197559902372,0.267379260492324,"D","casa","casa",1,17,1
"19","f",686.666666666667,6247.66666666667,6933.33333333333,686.021777773366,506.369691441939,0.721873289957589,0.304713033931864,"D","casa","casa",1,19,1
"21","f",673.333333333333,6947.66666666667,7620,680.239081732117,396.866797532185,0.317958059874475,0.263444460201163,"D","casa","casa",1,21,1
"23","f",300,7634.33333333333,7933.33333333333,675.039357503255,307.738918897841,0.344613602795099,0.339494338559061,"D","casa","casa",1,23,1
"25","f",366.666666666667,7947.66666666667,8313.33333333333,685.389906033603,258.266290005771,0.407416267978306,0.262344983874006,"D","casa","casa",1,25,1
"27","f",553.333333333333,8347.66666666667,8900,834.474448330431,343.597641358893,0.397279272289073,0.252739089385503,"D","casa","casa",1,27,1
"29","f",200,8914.33333333333,9113.33333333333,912.073599906763,309.624120585124,0.287881519550999,0.264106651602374,"D","casa","casa",1,29,1
"31","f",273.333333333333,9127.66666666667,9400,952.943297556624,193.379004501715,0.371628517902515,0.210974896875268,"D","casa","casa",1,31,1
"33","f",773.333333333333,9407.66666666667,10180,907.813820837901,134.082884821399,0.475374367021305,0.284919942137149,"D","casa","casa",1,33,1
"35","f",680,10221,10900,1121.48075294495,258.701030581605,0.724605148141113,0.258707770854678,"D","casa","casa",1,35,1
"37","f",133.333333333333,10927.6666666667,11060,1156.24272193909,341.879671096802,0.423241253851837,0.241764042861637,"D","casa","casa",1,37,1
"39","f",160,11074.3333333333,11233.3333333333,1176.29759979248,299.095207214355,0,0,"D","casa","casa",1,39,1
"41","f",420,11254.3333333333,11673.3333333333,1204.52175164601,495.850371644137,0.835119025779103,0.281643300708751,"D","casa","casa",1,41,1
"43","f",293.333333333333,11687.6666666667,11980,1241.98996214433,624.043268117038,0.485404007146414,0.28639662408884,"D","casa","casa",1,43,1
"45","f",153.333333333333,11987.6666666667,12140,1194.15109485129,639.735417241636,0.237253088604466,0.201585880446617,"D","casa","casa",1,45,1
"47","f",186.666666666667,12174.3333333333,12360,1008.02468563616,657.632828439985,0.294788811427734,0.195543351183646,"D","casa","casa",1,47,1
"49","f",473.333333333333,12367.6666666667,12840,980.50505913815,740.339392433704,0.778533163165543,0.258358963076515,"D","casa","casa",1,49,1
"51","f",153.333333333333,12867.6666666667,13020,1074.73627720708,754.812469482422,0.256603183681777,0.162560325345313,"D","casa","casa",1,51,1
"53","f",380,13034.3333333333,13413.3333333333,1148.36193687037,785.733158312346,0.287719718141224,0.191412464730064,"D","casa","casa",1,53,1
"55","f",1306.66666666667,13427.6666666667,14733.3333333333,1253.38564973948,632.016055078531,0.647319994461645,0.292707604448045,"D","casa","casa",1,55,1
"57","f",1346.66666666667,14847.6666666667,16193.3333333333,1144.37375066776,772.867594917222,1.05143627145766,0.300720107268761,"D","casa","casa",1,57,1
"59","f",300,16214.3333333333,16513.3333333333,993.101440127691,758.110800509983,0.470085883895332,0.255498356150583,"D","casa","casa",1,59,1
"61","f",333.333333333333,16527.6666666667,16860,842.819327850342,669.045852165222,0.698916265503106,0.291102332145445,"D","casa","casa",1,61,1
"63","f",393.333333333333,16921,17313.3333333333,724.908528344106,620.857586488885,0.587628249577425,0.310258891179146,"D","casa","casa",1,63,1
"65","f",573.333333333333,17347.6666666667,17920,849.801599879597,528.954551127154,0.679032435680896,0.366795634152328,"D","casa","casa",1,65,1
"67","f",1646.66666666667,17947.6666666667,19593.3333333333,677.805163086185,534.298583745617,0.683470486284874,0.311519978739201,"D","casa","casa",1,67,1
"69","f",486.666666666667,19627.6666666667,20113.3333333333,638.724426269531,320.863044007184,0.485154219005518,0.292230119222849,"D","casa","casa",1,69,1
"71","f",1133.33333333333,20147.6666666667,21280,853.05972699558,377.820942822625,0.501951747843681,0.316729928675015,"D","casa","casa",1,71,1
"73","f",513.333333333333,21307.6666666667,21820,1085.03763114632,389.518831426447,0.444204722123232,0.302028261209841,"D","casa","casa",1,73,1
"75","f",753.333333333333,21827.6666666667,22580,1220.27689942216,399.83306020551,0.924434235746152,0.289962777674709,"D","casa","casa",1,75,1
"77","f",133.333333333333,22607.6666666667,22740,1124.68176116943,360.309061050415,0.325497221119554,0.313585535870062,"D","casa","casa",1,77,1
"79","f",1013.33333333333,22787.6666666667,23800,1153.69585303256,148.122533195897,0.750710695571802,0.316132356134005,"D","casa","casa",1,79,1
"81","f",433.333333333333,23827.6666666667,24260,909.209797033897,167.3528123122,0.653287431529782,0.342450007311276,"D","casa","casa",1,81,1
"83","f",246.666666666667,24267.6666666667,24513.3333333333,910.823351396097,246.984323656237,0.374428245922348,0.313152553547497,"D","casa","casa",1,83,1
"85","f",520,24521,25040,860.420923159673,241.497484647311,0.208230972955802,0.182874241220296,"D","casa","casa",1,85,1
"87","f",646.666666666667,25067.6666666667,25713.3333333333,1156.39531487534,308.435808948635,0.662619362498828,0.280089855879507,"D","casa","casa",1,87,1
"89","f",693.333333333333,25747.6666666667,26440,857.878800217922,375.160689574022,0.655048810711338,0.33936860968237,"D","casa","casa",1,89,1
"91","f",260,26507.6666666667,26766.6666666667,1022.47852352338,473.503846516976,0.616875889013188,0.2983511922065,"D","casa","casa",1,91,1
"93","f",1046.66666666667,26774.3333333333,27820,1098.13488946902,516.924561867194,0.55896766979626,0.269720966988293,"D","casa","casa",1,93,1
"95","f",140,27854.3333333333,27993.3333333333,1114.22399902344,356.216400146484,0,0,"D","casa","casa",1,95,1
"97","f",993.333333333333,28027.6666666667,29020,976.12832210673,753.157425490002,0.512064328443206,0.258409463348419,"D","casa","casa",1,97,1
"99","f",820,29034.3333333333,29853.3333333333,907.919687869345,802.324360421033,0.472492127276014,0.246787590159271,"D","casa","casa",1,99,1
"100","f",126.666666666667,1,126.666666666667,937.891199111938,537.505199432373,0,0,"D","sagrada","sagrada",1,1,2
"102","f",426.666666666667,181,606.666666666667,955.641299927142,620.941359579563,0.402612316293105,0.241319356562308,"D","sagrada","sagrada",1,3,2
"104","f",766.666666666667,621,1386.66666666667,893.114629629384,605.125314853502,0.467228048106087,0.289202773087412,"D","sagrada","sagrada",1,5,2
"106","f",200,1427.66666666667,1626.66666666667,781.585600662232,532.740599986849,0.757864921577184,0.24154033125004,"D","sagrada","sagrada",1,7,2
"108","f",300,1727.66666666667,2026.66666666667,669.596159871419,552.729720147782,0.397017772894656,0.278099801319506,"D","sagrada","sagrada",1,9,2
"110","f",86.6666666666667,2141,2226.66666666667,844.977969536415,686.882491185115,0.252637773272659,0.217404262133116,"D","sagrada","sagrada",1,11,2
"112","f",400,2247.66666666667,2646.66666666667,923.146879999836,811.739519882202,0.576130774174458,0.277111556710555,"D","sagrada","sagrada",1,13,2
"114","f",933.333333333333,2681,3613.33333333333,885.085302926813,846.582261221749,1.00543372634756,0.321927091134181,"D","sagrada","sagrada",1,15,2
"116","f",280,3661,3940,1211.18651453654,503.854714160164,0.360180257599516,0.323219247719202,"D","sagrada","sagrada",1,17,2
"118","f",140,3967.66666666667,4106.66666666667,1321.7165708996,413.746714274089,0.33269769506405,0.245354226359935,"D","sagrada","sagrada",1,19,2
"120","f",1586.66666666667,4161,5746.66666666667,1409.91686748857,281.661027283228,0.543723232234604,0.245607513306401,"D","sagrada","sagrada",1,21,2
"122","f",93.3333333333333,5821,5913.33333333333,922.426971250347,290.387318202427,0.306799660579353,0.222784934016603,"D","sagrada","sagrada",1,23,2
"124","f",200,6234.33333333333,6433.33333333333,872.794880167643,254.33171971639,0.415871975672379,0.301720611236876,"D","sagrada","sagrada",1,25,2
"126","f",1826.66666666667,6441,8266.66666666667,877.11906566063,357.171214305571,0.657942130933107,0.252318375188265,"D","sagrada","sagrada",1,27,2
"128","f",633.333333333333,8414.33333333333,9046.66666666667,275.33547941509,307.425638058311,0.373517111577971,0.233496648005979,"D","sagrada","sagrada",1,29,2
"130","f",1253.33333333333,9054.33333333333,10306.6666666667,306.099422211343,368.403280562543,0.498828412051381,0.304869878124038,"D","sagrada","sagrada",1,31,2
"132","f",1546.66666666667,10334.3333333333,11880,370.099654362119,474.691399112858,0.496405686516919,0.243446932827097,"D","sagrada","sagrada",1,33,2
"134","f",646.666666666667,11934.3333333333,12580,692.10497338993,380.664927610417,0.67316534973435,0.295759097867426,"D","sagrada","sagrada",1,35,2
"136","f",533.333333333333,12614.3333333333,13146.6666666667,858.84911968708,356.998522758484,0.3747979151102,0.195999287837057,"D","sagrada","sagrada",1,37,2
"138","f",226.666666666667,13154.3333333333,13380,887.897223865285,329.635218003217,0.226670274922387,0.159068227815339,"D","sagrada","sagrada",1,39,2
"140","f",1626.66666666667,13441,15066.6666666667,1412.87689102673,258.747285061195,0.435420176741551,0.279119702780864,"D","sagrada","sagrada",1,41,2
"142","f",806.666666666667,15181,15986.6666666667,1331.2865846492,391.507899008507,0.329401318354073,0.211004817690576,"D","sagrada","sagrada",1,43,2
"144","f",200,16081,16280,1160.85247929891,462.307140858968,0.246836972592042,0.1678009218779,"D","sagrada","sagrada",1,45,2
"146","f",106.666666666667,16294.3333333333,16400,1142.73000001907,401.213587760925,0.179470188298062,0.175369202713349,"D","sagrada","sagrada",1,47,2
"148","f",306.666666666667,16594.3333333333,16900,830.098226298457,374.04719958098,0.364163500247554,0.187589729333843,"D","sagrada","sagrada",1,49,2
"150","f",1233.33333333333,16974.3333333333,18206.6666666667,875.024380513784,411.903039138382,0.447921318850465,0.265992083723883,"D","sagrada","sagrada",1,51,2
"152","f",400,18261,18660,348.380479939779,311.362110010783,0.340250747149111,0.266263572958445,"D","sagrada","sagrada",1,53,2
"154","f",306.666666666667,18674.3333333333,18980,271.203961579696,323.080003821331,0.256977958685021,0.214217866312623,"D","sagrada","sagrada",1,55,2
"156","f",186.666666666667,18994.3333333333,19180,296.441483633859,399.901820455279,0.333632073259562,0.17809286966742,"D","sagrada","sagrada",1,57,2
"158","f",146.666666666667,19234.3333333333,19380,763.234909057617,573.30081814646,0.280172607810342,0.282564500179835,"D","sagrada","sagrada",1,59,2
"160","f",600,19401,20000,891.441919941372,653.888759719001,0.369213400992886,0.25780166242016,"D","sagrada","sagrada",1,61,2
"162","f",466.666666666667,20014.3333333333,20480,942.997577008073,638.097017478943,0.346307929055154,0.242660256075456,"D","sagrada","sagrada",1,63,2
"164","f",586.666666666667,20514.3333333333,21100,885.927600080317,660.408647645604,0.471566668037463,0.302446156124979,"D","sagrada","sagrada",1,65,2
"166","f",280,21121,21400,918.094400087992,738.304200127011,0.286706751874714,0.227574432019594,"D","sagrada","sagrada",1,67,2
"168","f",186.666666666667,21454.3333333333,21640,911.939314297268,790.310250691005,0.282451232733163,0.16663104834827,"D","sagrada","sagrada",1,69,2
"170","f",426.666666666667,21661,22086.6666666667,876.822900295258,882.404634237289,0.56741961804989,0.202375653340763,"D","sagrada","sagrada",1,71,2
"172","f",486.666666666667,22114.3333333333,22600,920.25179171603,802.43289957961,0.447732282271225,0.275404342495513,"D","sagrada","sagrada",1,73,2
"174","f",80,22614.3333333333,22693.3333333333,914.076800187429,854.771398544312,0.226086759437537,0.24814764147526,"D","sagrada","sagrada",1,75,2
"176","f",160,22741,22900,928.736399988333,749.545426368713,0.0213959296447227,0.0836128631984658,"D","sagrada","sagrada",1,77,2
"178","f",1173.33333333333,22914.3333333333,24086.6666666667,936.651599956507,796.839156237515,0.591740033870583,0.30006047486826,"D","sagrada","sagrada",1,79,2
"180","f",180,24141,24320,836.478221469455,517.86319997134,0.266437612231353,0.227920527567333,"D","sagrada","sagrada",1,81,2
"182","f",413.333333333333,24454.3333333333,24866.6666666667,884.783225597874,378.855116136612,0.405283268953988,0.31150752691505,"D","sagrada","sagrada",1,83,2
"184","f",2166.66666666667,24881,27046.6666666667,853.371677668645,288.711299297626,0.42613332917424,0.239248919780166,"D","sagrada","sagrada",1,85,2
"186","f",120,27061,27180,847.190395355224,114.247802734375,0,0,"D","sagrada","sagrada",1,87,2
"188","f",120,27261,27380,857.602667702569,250.073700375027,0.258912927850157,0.293043344006298,"D","sagrada","sagrada",1,89,2
"190","f",600,27401,28000,872.766719881693,408.511799960666,0.339142135509209,0.220599841319025,"D","sagrada","sagrada",1,91,2
"192","f",293.333333333333,28014.3333333333,28306.6666666667,884.004872517152,490.891540765762,0.497009172882323,0.237976592231507,"D","sagrada","sagrada",1,93,2
"194","f",273.333333333333,28347.6666666667,28620,893.513209412738,599.947638677388,0.469958107694056,0.305233699080719,"D","sagrada","sagrada",1,95,2
"196","f",653.333333333333,28654.3333333333,29306.6666666667,946.546971414542,754.216071226159,0.48757074143985,0.231712144759666,"D","sagrada","sagrada",1,97,2
"198","f",533.333333333333,29321,29853.3333333333,982.96451998651,810.830519390106,0.39940048168697,0.250304427205582,"D","sagrada","sagrada",1,99,2
"199","f",460,1,460,963.895652167175,514.813382260231,0.883206413604187,0.292271277345765,"D","liceu","liceu",1,1,3
"201","f",553.333333333333,474.333333333333,1026.66666666667,895.351980393191,427.482672289193,0.458716012926454,0.251155465816634,"D","liceu","liceu",1,3,3
"203","f",340,1081,1420,1391.42437564625,362.679034513586,0.428340128041752,0.32553289238001,"D","liceu","liceu",1,5,3
"205","f",120,1441,1560,1324.89599609375,42.2442016601562,0,0,"D","liceu","liceu",1,7,3
"207","f",1706.66666666667,1581,3286.66666666667,902.92016259121,393.740450911224,0.689618007611605,0.285283042762266,"D","liceu","liceu",1,9,3
"209","f",2806.66666666667,3374.33333333333,6180,1351.32553064342,388.253663386981,0.684026936543978,0.293924476782311,"D","liceu","liceu",1,11,3
"211","f",106.666666666667,6214.33333333333,6320,1167.39419984817,629.667675495148,0.242589820858348,0.235980562883938,"D","liceu","liceu",1,13,3
"213","f",466.666666666667,6354.33333333333,6820,1376.43195364816,604.600508611543,0.646824432950539,0.310545348358212,"D","liceu","liceu",1,15,3
"215","f",553.333333333333,6834.33333333333,7386.66666666667,1290.46357727051,630.914595190301,0.451153127474908,0.251075075640939,"D","liceu","liceu",1,17,3
"217","f",186.666666666667,7434.33333333333,7620,1028.08525698526,652.399650028774,0.248079505720765,0.191432649438921,"D","liceu","liceu",1,19,3
"219","f",1826.66666666667,7654.33333333333,9480,872.088665662891,754.383370114069,0.591536164052108,0.268692321599027,"D","liceu","liceu",1,21,3
"221","f",406.666666666667,9614.33333333333,10020,449.91423034668,398.959258783059,0.503584661463042,0.204135630624272,"D","liceu","liceu",1,23,3
"223","f",453.333333333333,10054.3333333333,10506.6666666667,268.302495171042,402.563646821415,0.333442390044311,0.318285508632983,"D","liceu","liceu",1,25,3
"225","f",106.666666666667,10514.3333333333,10620,349.840795516968,415.302860975266,0.381616886139383,0.320502674507058,"D","liceu","liceu",1,27,3
"227","f",120,10641,10760,413.145584106446,255.765602111816,0,0,"D","liceu","liceu",1,29,3
"229","f",666.666666666667,10774.3333333333,11440,465.813791046143,473.42631606102,0.414851648461452,0.2476335366317,"D","liceu","liceu",1,31,3
"231","f",626.666666666667,11454.3333333333,12080,625.717786748359,496.121955409012,0.511563507911453,0.21869145131623,"D","liceu","liceu",1,33,3
"233","f",193.333333333333,12114.3333333333,12306.6666666667,785.759337589659,472.985441010574,0.334896342608886,0.327180681543837,"D","liceu","liceu",1,35,3
"235","f",353.333333333333,12314.3333333333,12666.6666666667,835.26683792978,547.717516940157,0.410185689173586,0.247855380935757,"D","liceu","liceu",1,37,3
"237","f",566.666666666667,12674.3333333333,13240,766.305543428309,534.304143477012,0.551009553373907,0.245226330314303,"D","liceu","liceu",1,39,3
"239","f",373.333333333333,13254.3333333333,13626.6666666667,900.49371438367,543.721371397376,0.374232483117713,0.250722673274578,"D","liceu","liceu",1,41,3
"241","f",1126.66666666667,13634.3333333333,14760,972.696937208698,543.995201062731,0.684337339760784,0.281442865431036,"D","liceu","liceu",1,43,3
"243","f",666.666666666667,14774.3333333333,15440,1129.67049591064,600.671051926017,0.573228646103935,0.298821815512234,"D","liceu","liceu",1,45,3
"245","f",1053.33333333333,15454.3333333333,16506.6666666667,1207.4063382692,646.940608881697,0.326827266391371,0.206380167834649,"D","liceu","liceu",1,47,3
"247","f",2126.66666666667,16534.3333333333,18660,1372.37134080845,690.263243953262,1.16353499548075,0.301842339340745,"D","liceu","liceu",1,49,3
"249","f",666.666666666667,18714.3333333333,19380,867.774336433411,781.441991424561,0.657389071729455,0.292554126039585,"D","liceu","liceu",1,51,3
"251","f",426.666666666667,19421,19846.6666666667,478.353598117828,582.540609490126,0.456886635514261,0.326822851824997,"D","liceu","liceu",1,53,3
"253","f",93.3333333333333,19914.3333333333,20006.6666666667,708.998401096889,182.074499947684,0.265965598927047,0.280232629851962,"D","liceu","liceu",1,55,3
"255","f",166.666666666667,20014.3333333333,20180,714.604797363281,84.968994140625,0,0,"D","liceu","liceu",1,57,3
"257","f",366.666666666667,20194.3333333333,20560,856.917120361328,218.97824790261,0.381669443522154,0.345116571387502,"D","liceu","liceu",1,59,3
"259","f",526.666666666667,20574.3333333333,21100,871.595787555357,323.656245654142,0.51976541206474,0.280770991707571,"D","liceu","liceu",1,61,3
"261","f",140,21121,21260,926.65919971466,85.2066040039062,0,0,"D","liceu","liceu",1,63,3
"263","f",926.666666666667,21274.3333333333,22200,1129.93160269758,381.690491902742,0.662902114313225,0.293954116568752,"D","liceu","liceu",1,65,3
"265","f",286.666666666667,22281,22566.6666666667,1110.08081888598,559.621841989804,0.383828610628216,0.269630407958931,"D","liceu","liceu",1,67,3
"267","f",140,22581,22720,1114.31999969483,467.526601791382,0,0,"D","liceu","liceu",1,69,3
"269","f",973.333333333333,22734.3333333333,23706.6666666667,1099.0454135529,553.743406889986,0.733028795263662,0.280147838895886,"D","liceu","liceu",1,71,3
"271","f",313.333333333333,23734.3333333333,24046.6666666667,1392.41157401876,512.538587242682,0.373165845092295,0.285626675899574,"D","liceu","liceu",1,73,3
"273","f",206.666666666667,24061,24266.6666666667,1345.72149461315,439.508961954424,0.223726799850451,0.218421990230338,"D","liceu","liceu",1,75,3
"275","f",120,24361,24480,1166.18026691013,500.515800144937,0.515000470763157,0.373158326833541,"D","liceu","liceu",1,77,3
"277","f",160,24501,24660,1285.07840092977,404.114174842834,0.371954128637914,0.278669984472558,"D","liceu","liceu",1,79,3
"279","f",146.666666666667,24674.3333333333,24820,1301.76959228515,250.424995422364,0,0,"D","liceu","liceu",1,81,3
"281","f",486.666666666667,24834.3333333333,25320,1288.4171849081,434.098232661208,0.612225605146782,0.283773501061217,"D","liceu","liceu",1,83,3
"283","f",253.333333333333,25354.3333333333,25606.6666666667,1377.57448537726,284.055348245721,0.371217822605714,0.262474165090013,"D","liceu","liceu",1,85,3
"285","f",433.333333333333,25634.3333333333,26066.6666666667,1383.0519136869,233.711751028208,0.397172671872921,0.287461157500203,"D","liceu","liceu",1,87,3
"287","f",1866.66666666667,26094.3333333333,27960,1558.30607953753,255.983220345633,0.452768006028415,0.227889651499277,"D","liceu","liceu",1,89,3
"289","f",153.333333333333,28054.3333333333,28206.6666666667,1552.00695933466,449.463600075763,0.319013480270274,0.26203883205908,"D","liceu","liceu",1,91,3
"291","f",506.666666666667,28214.3333333333,28720,1504.62821097123,495.823594885045,0.46820085590178,0.255679477942919,"D","liceu","liceu",1,93,3
"293","f",166.666666666667,28741,28906.6666666667,1428.38169799805,676.394927825928,0.327266941523157,0.276266161822749,"D","liceu","liceu",1,95,3
"295","f",253.333333333333,29014.3333333333,29266.6666666667,370.427622744912,383.925362837942,0.544035178698996,0.247106951779728,"D","liceu","liceu",1,97,3
"297","f",266.666666666667,29294.3333333333,29560,181.605838775635,334.911104011536,0.342596641148553,0.213709447632718,"D","liceu","liceu",1,99,3
"299","f",166.666666666667,29594.3333333333,29760,340.116483154297,361.021535949707,0.248768661179541,0.255226721431734,"D","liceu","liceu",1,101,3
"301","f",86.6666666666667,29781,29866.6666666667,187.108426607572,369.626677586482,0.469623305120695,0.462461397399063,"D","liceu","liceu",1,103,3
"12","f",320,1,320,904.277199407419,625.412474994858,0.613351475770834,0.379763452307335,"P","liceu","liceu",1,1,1
"32","f",120,327.666666666667,446.666666666667,917.134933223327,539.75730002837,0.383686765732269,0.345024195929531,"P","liceu","liceu",1,3,1
"52","f",480,461,940,752.024000856611,596.247374789582,0.691497994523352,0.370232802764316,"P","liceu","liceu",1,5,1
"710","f",186.666666666667,961,1146.66666666667,793.857256480626,801.048729487828,0.548899533874273,0.356950214091365,"P","liceu","liceu",1,7,1
"910","f",286.666666666667,1154.33333333333,1440,861.222474697024,811.48525007381,0.477731020353982,0.339708200284226,"P","liceu","liceu",1,9,1
"111","f",226.666666666667,1481,1706.66666666667,327.485364128562,480.73436491279,0.515535376561793,0.330725998976845,"P","liceu","liceu",1,11,1
"1310","f",280,1721,2000,202.366402762277,520.074514252621,0.521401301214282,0.356447169081951,"P","liceu","liceu",1,13,1
"155","f",146.666666666667,2014.33333333333,2160,362.068363536488,721.527872605757,0.464499698995033,0.335860884654751,"P","liceu","liceu",1,15,1
"171","f",113.333333333333,2174.33333333333,2286.66666666667,289.022681741154,730.057763043572,0.334061597863764,0.325282598691509,"P","liceu","liceu",1,17,1
"191","f",146.666666666667,2354.33333333333,2500,1306.30647277832,732.789573669433,0.499852133064114,0.37587270976065,"P","liceu","liceu",1,19,1
"2110","f",186.666666666667,2514.33333333333,2700,1524.62194006784,740.921078545707,0.598013284812031,0.30560613412014,"P","liceu","liceu",1,21,1
"2310","f",206.666666666667,2894.33333333333,3100,1316.05378378591,383.056664497622,0.621506115025594,0.395242220995995,"P","liceu","liceu",1,23,1
"252","f",746.666666666667,3114.33333333333,3860,1336.13408620017,477.456187401499,0.544259928382155,0.337943415479736,"P","liceu","liceu",1,25,1
"272","f",253.333333333333,3867.66666666667,4120,1312.58349529066,575.700394530045,0.396181139017018,0.3348961827746,"P","liceu","liceu",1,27,1
"292","f",326.666666666667,4154.33333333333,4480,948.891036585886,576.786232532895,0.56213722910017,0.286940426519957,"P","liceu","liceu",1,29,1
"312","f",126.666666666667,4494.33333333333,4620,811.183326921965,585.223862949171,0.405724314622825,0.53412015783087,"P","liceu","liceu",1,31,1
"332","f",386.666666666667,4654.33333333333,5040,1273.31602793727,558.665100105878,0.373379922937204,0.277623604942415,"P","liceu","liceu",1,33,1
"352","f",326.666666666667,5054.33333333333,5380,1406.06027626505,502.912358975836,0.500417973659314,0.287730501154297,"P","liceu","liceu",1,35,1
"372","f",806.666666666667,5401,6206.66666666667,1212.37947744574,561.522927319123,0.453940267075458,0.363917042444777,"P","liceu","liceu",1,37,1
"392","f",253.333333333333,6254.33333333333,6506.66666666667,474.801598398309,551.064742102827,0.437925872537693,0.405889727735988,"P","liceu","liceu",1,39,1
"412","f",853.333333333333,6587.66666666667,7440,1385.22997558117,540.801646864405,0.550915538619398,0.303238269957191,"P","liceu","liceu",1,41,1
"432","f",306.666666666667,7494.33333333333,7800,389.842854375425,550.956130382564,0.426499282121897,0.265443648301475,"P","liceu","liceu",1,43,1
"452","f",806.666666666667,7814.33333333333,8620,308.241640453496,502.858532222342,0.575968780506851,0.387803761796504,"P","liceu","liceu",1,45,1
"471","f",313.333333333333,8654.33333333333,8966.66666666667,485.61559246956,551.729604396097,0.377228116760548,0.345302742924433,"P","liceu","liceu",1,47,1
"491","f",260,8981,9240,405.32160167205,610.56498444386,0.515163862691218,0.374637565906678,"P","liceu","liceu",1,49,1
"511","f",253.333333333333,9307.66666666667,9560,398.536421524851,315.615221726267,0.296352143525048,0.232108571331718,"P","liceu","liceu",1,51,1
"531","f",193.333333333333,9574.33333333333,9766.66666666667,317.369712040342,215.695738167598,0.382278125881153,0.393950071809493,"P","liceu","liceu",1,53,1
"551","f",386.666666666667,9794.33333333333,10180,863.393875812662,262.273251895247,0.358825721918554,0.376778933907247,"P","liceu","liceu",1,55,1
"571","f",173.333333333333,10274.3333333333,10446.6666666667,896.620801925659,442.206001281739,0,0,"P","liceu","liceu",1,57,1
"591","f",220,10461,10680,817.506036353834,454.515054384867,0.487358550582041,0.378103767556652,"P","liceu","liceu",1,59,1
"611","f",266.666666666667,10694.3333333333,10960,647.458082199097,401.203934574127,0.539739102785993,0.389612180568982,"P","liceu","liceu",1,61,1
"631","f",206.666666666667,10994.3333333333,11200,1322.69264319635,295.334883659117,0.372200375774064,0.363115949365421,"P","liceu","liceu",1,63,1
"651","f",133.333333333333,11234.3333333333,11366.6666666667,1594.02095947266,265.687829971314,0.229321019644997,0.152693962780233,"P","liceu","liceu",1,65,1
"66","f",86.6666666666667,12054.3333333333,12140,1539.82449810322,720.391153188852,0.585113552348912,0.52677803212545,"P","liceu","liceu",1,66,1
"68","f",620,12181,12800,873.189884070427,703.650716268888,0.851322524204574,0.372492336804055,"P","liceu","liceu",1,68,1
"70","f",206.666666666667,12834.3333333333,13040,1262.7911219443,685.927858414188,0.524308111569466,0.3855077949372,"P","liceu","liceu",1,70,1
"72","f",80,13087.6666666667,13166.6666666667,808.451999346415,790.106851577759,0.337231256100471,0.244377435082538,"P","liceu","liceu",1,72,1
"74","f",540,13201,13740,324.322845082224,666.175066512308,0.472487825303167,0.320970826382,"P","liceu","liceu",1,74,1
"76","f",400,13761,14160,839.892479769389,794.553030904134,0.66860394728658,0.331734308903565,"P","liceu","liceu",1,76,1
"78","f",160,14187.6666666667,14346.6666666667,879.587600151698,639.723149617513,0.335345757237489,0.296557167588175,"P","liceu","liceu",1,78,1
"80","f",1860,14361,16220,853.954305442003,794.529677551707,0.543624775394784,0.364260938376051,"P","liceu","liceu",1,80,1
"82","f",226.666666666667,16294.3333333333,16520,900.051388333825,516.216335201965,0.386357834067174,0.385162593230665,"P","liceu","liceu",1,82,1
"84","f",193.333333333333,16527.6666666667,16720,907.233434658883,576.440875936171,0.311438296952448,0.374106208308659,"P","liceu","liceu",1,84,1
"86","f",906.666666666667,16741,17646.6666666667,843.599082526039,793.170701026917,0.654892450734809,0.330039370173474,"P","liceu","liceu",1,86,1
"88","f",406.666666666667,17654.3333333333,18060,892.21817693554,854.89631102515,0.462161626058219,0.248462320410672,"P","liceu","liceu",1,88,1
"90","f",213.333333333333,18067.6666666667,18280,831.085799455643,827.552193164825,0.327927404848875,0.246250481960989,"P","liceu","liceu",1,90,1
"92","f",646.666666666667,18334.3333333333,18980,825.875134005989,469.374235143367,0.671798731448785,0.393817608699492,"P","liceu","liceu",1,92,1
"94","f",613.333333333333,19007.6666666667,19620,863.778364067492,251.090546815292,0.548148722210898,0.324268337771211,"P","liceu","liceu",1,94,1
"96","f",246.666666666667,19694.3333333333,19940,1284.44004244418,541.465735159109,0.314533034187153,0.305871398890592,"P","liceu","liceu",1,96,1
"98","f",513.333333333333,19954.3333333333,20466.6666666667,1196.10053064916,527.488480461108,0.379043364564528,0.334645444598361,"P","liceu","liceu",1,98,1
"1001","f",140,20481,20620,1219.41257113502,427.809599558513,0.300486456650625,0.399947730789272,"P","liceu","liceu",1,100,1
"1021","f",226.666666666667,20634.3333333333,20860,1121.24103501264,443.006788478178,0.40467312354063,0.417951247563175,"P","liceu","liceu",1,102,1
"1041","f",253.333333333333,21014.3333333333,21266.6666666667,221.552083868729,327.873505240992,0.519955611439196,0.315200838371166,"P","liceu","liceu",1,104,1
"1061","f",286.666666666667,21294.3333333333,21580,309.802269514217,262.156813865484,0.378006851746724,0.29775112635456,"P","liceu","liceu",1,106,1
"1081","f",520,21621,22140,102.814892499875,335.068200331468,0.609137609566257,0.389347133326233,"P","liceu","liceu",1,108,1
"1101","f",313.333333333333,22207.6666666667,22520,1425.22110764524,400.03958349025,0.359717609444277,0.372880117475992,"P","liceu","liceu",1,110,1
"1121","f",333.333333333333,22534.3333333333,22866.6666666667,1397.57471954346,258.996311798096,0.56853478644333,0.396138432604255,"P","liceu","liceu",1,112,1
"1141","f",160,22881,23040,1250.92799377441,354.882595062256,0,0,"P","liceu","liceu",1,114,1
"1161","f",266.666666666667,23054.3333333333,23320,865.792560100555,265.886010169983,0.53483082181712,0.369128060108036,"P","liceu","liceu",1,116,1
"1181","f",180,23341,23520,1303.13706574617,259.277399698893,0.376763965836353,0.58981894796593,"P","liceu","liceu",1,118,1
"1201","f",153.333333333333,23534.3333333333,23686.6666666667,1379.15227807086,254.913337044094,0.43984227853338,0.453392480582546,"P","liceu","liceu",1,120,1
"1221","f",126.666666666667,23714.3333333333,23840,1537.76134611431,547.171768382584,0.313155734732736,0.38397301178637,"P","liceu","liceu",1,122,1
"123","f",86.6666666666667,23874.3333333333,23960,1579.66818472055,579.77390742302,0.284839437603302,0.29408851825978,"P","liceu","liceu",1,123,1
"125","f",180,25201,25380,983.375288691786,675.837799778691,0.524249795295677,0.404290107041325,"P","liceu","liceu",1,125,1
"127","f",233.333333333333,25414.3333333333,25646.6666666667,471.670766775949,610.983926207679,0.657289760149696,0.296140862092016,"P","liceu","liceu",1,127,1
"129","f",120,25667.6666666667,25786.6666666667,290.619727240668,606.505199856228,0.274778530698308,0.299067760388407,"P","liceu","liceu",1,129,1
"131","f",240,25821,26060,982.320533384052,636.622050126394,0.36620614698139,0.28038813868538,"P","liceu","liceu",1,131,1
"133","f",160,26067.6666666667,26226.6666666667,980.775600165129,559.149299887319,0.421894519994199,0.313601533808853,"P","liceu","liceu",1,133,1
"135","f",206.666666666667,26254.3333333333,26460,1157.49677399666,682.723218856319,0.706201601487414,0.351073877805509,"P","liceu","liceu",1,135,1
"137","f",160,26481,26640,1242.83520507812,810.032394409179,0,0,"P","liceu","liceu",1,137,1
"139","f",246.666666666667,26654.3333333333,26900,656.179718842377,652.740907617517,0.447720013274091,0.3153820416457,"P","liceu","liceu",1,139,1
"141","f",480,26941,27420,1178.53119950824,702.855824841393,1.02175822309048,0.428028424690885,"P","liceu","liceu",1,141,1
"143","f",453.333333333333,27454.3333333333,27906.6666666667,781.784612150753,685.434547424316,0.662270591604063,0.355962516479641,"P","liceu","liceu",1,143,1
"145","f",160,27921,28080,860.697599411011,925.970397949219,0,0,"P","liceu","liceu",1,145,1
"147","f",266.666666666667,28114.3333333333,28380,441.59759979248,660.865094804764,0.553561185686222,0.312202085822001,"P","liceu","liceu",1,147,1
"149","f",433.333333333333,28414.3333333333,28846.6666666667,283.935656738281,531.927415283368,0.496704758427433,0.340827915309668,"P","liceu","liceu",1,149,1
"151","f",533.333333333333,28861,29393.3333333333,352.183201599121,540.905512455152,0.482315831829177,0.371013470470821,"P","liceu","liceu",1,151,1
"153","f",406.666666666667,29447.6666666667,29853.3333333333,1223.69453155017,554.171104908967,0.777599059643102,0.371856016878657,"P","liceu","liceu",1,153,1
"1541","f",180,1,180,1154.68480088976,574.970400083948,0.482391577038701,0.338906988900846,"P","sagrada","sagrada",1,1,2
"1561","f",366.666666666667,207.666666666667,573.333333333333,865.429876466231,673.707338021018,0.406783113372386,0.291844994976376,"P","sagrada","sagrada",1,3,2
"1581","f",160,594.333333333333,753.333333333333,835.708797454834,968.619598388672,0,0,"P","sagrada","sagrada",1,5,2
"1601","f",346.666666666667,887.666666666667,1233.33333333333,279.851628817045,412.099650749793,0.473642974273622,0.321926601847661,"P","sagrada","sagrada",1,7,2
"1621","f",153.333333333333,1267.66666666667,1420,841.479651575503,688.603304987368,0.487136428934853,0.289863129428112,"P","sagrada","sagrada",1,9,2
"1641","f",166.666666666667,1447.66666666667,1613.33333333333,904.606463699341,864.883873291016,0.348360506729162,0.312336357979194,"P","sagrada","sagrada",1,11,2
"1661","f",646.666666666667,1634.33333333333,2280,961.055505029051,902.830175183483,0.498547363139544,0.302312138609729,"P","sagrada","sagrada",1,13,2
"1681","f",286.666666666667,2334.33333333333,2620,933.115311680145,513.62263257559,0.460714422013577,0.297815516909688,"P","sagrada","sagrada",1,15,2
"1701","f",286.666666666667,2647.66666666667,2933.33333333333,872.161339515863,372.126809231071,0.342481117039479,0.33744003161537,"P","sagrada","sagrada",1,17,2
"1721","f",153.333333333333,2947.66666666667,3100,869.738295762435,439.016478331193,0.322268776043132,0.278668903380436,"P","sagrada","sagrada",1,19,2
"1741","f",180,3114.33333333333,3293.33333333333,863.414402008056,548.499601364136,0,0,"P","sagrada","sagrada",1,21,2
"1761","f",200,3307.66666666667,3506.66666666667,861.871360397339,270.463319396973,0.470656139858902,0.511387190932677,"P","sagrada","sagrada",1,23,2
"1781","f",466.666666666667,3554.33333333333,4020,1015.32123440589,276.178834642683,0.572665421020437,0.293366682639493,"P","sagrada","sagrada",1,25,2
"1801","f",366.666666666667,4034.33333333333,4400,866.845440257679,311.165672857111,0.355342337895771,0.370604569790962,"P","sagrada","sagrada",1,27,2
"1821","f",500,4421,4920,880.04812838316,441.749303944906,0.507158173402029,0.413187740578335,"P","sagrada","sagrada",1,29,2
"1841","f",226.666666666667,4947.66666666667,5173.33333333333,871.038211598116,507.326188255759,0.352235287819069,0.33076066634189,"P","sagrada","sagrada",1,31,2
"1861","f",280,5181,5460,885.40708569118,557.325128566651,0.431853400540278,0.277305021141402,"P","sagrada","sagrada",1,33,2
"1881","f",506.666666666667,5487.66666666667,5993.33333333333,618.159284290515,426.457468635158,0.484871772374171,0.322744567794312,"P","sagrada","sagrada",1,35,2
"1901","f",286.666666666667,6047.66666666667,6333.33333333333,1291.86686529115,456.756990743238,0.300595775990601,0.29055774375637,"P","sagrada","sagrada",1,37,2
"1921","f",326.666666666667,6347.66666666667,6673.33333333333,1365.0335982965,397.22300813636,0.307968301103485,0.364682686279928,"P","sagrada","sagrada",1,39,2
"1941","f",146.666666666667,6687.66666666667,6833.33333333333,1298.2559967041,274.579193115234,0,0,"P","sagrada","sagrada",1,41,2
"1961","f",286.666666666667,6847.66666666667,7133.33333333333,1382.2216190072,316.86333483319,0.34855488404589,0.40913206771681,"P","sagrada","sagrada",1,43,2
"1981","f",286.666666666667,7147.66666666667,7433.33333333333,1292.4509004105,318.51962794814,0.489429872375709,0.425646701401374,"P","sagrada","sagrada",1,45,2
"200","f",386.666666666667,7447.66666666667,7833.33333333333,1335.20954447779,376.786489815547,0.401934272301185,0.355087036498413,"P","sagrada","sagrada",1,47,2
"202","f",286.666666666667,8267.66666666667,8553.33333333333,1463.99285711244,411.656693525093,0.548057333214642,0.40327076863229,"P","sagrada","sagrada",1,49,2
"204","f",173.333333333333,8567.66666666667,8740,1378.77858851506,458.048768997192,0.679330680100016,0.304819996001952,"P","sagrada","sagrada",1,51,2
"206","f",226.666666666667,9274.33333333333,9500,1486.63736679975,323.886123208439,0.535896909265367,0.463522513162378,"P","sagrada","sagrada",1,53,2
"208","f",200,9541,9740,863.379519844055,508.457880032063,0.436268218081286,0.307250151565937,"P","sagrada","sagrada",1,55,2
"210","f",733.333333333333,9801,10533.3333333333,215.288899647106,357.940619936856,0.653427656619051,0.319895727587688,"P","sagrada","sagrada",1,57,2
"212","f",333.333333333333,10547.6666666667,10880,143.200516357422,289.38059967041,0.425576244556054,0.297898214196341,"P","sagrada","sagrada",1,59,2
"214","f",193.333333333333,10907.6666666667,11100,274.283255741514,354.077067934233,0.377188094012533,0.316163493699513,"P","sagrada","sagrada",1,61,2
"216","f",306.666666666667,11127.6666666667,11433.3333333333,347.439861795177,531.85961728543,0.540130168955549,0.215152934258071,"P","sagrada","sagrada",1,63,2
"218","f",86.6666666666667,11487.6666666667,11573.3333333333,279.158390925481,297.489736703726,0.23441404709668,0.220412715330838,"P","sagrada","sagrada",1,65,2
"220","f",340,11594.3333333333,11933.3333333333,675.662305495318,275.935553008435,0.456439525147173,0.371418612914008,"P","sagrada","sagrada",1,67,2
"222","f",146.666666666667,11967.6666666667,12113.3333333333,682.803052035245,628.657445907593,0.414513077360897,0.285949948863625,"P","sagrada","sagrada",1,69,2
"224","f",426.666666666667,12134.3333333333,12560,872.994599878788,778.544071912766,0.679719242488283,0.443106008584633,"P","sagrada","sagrada",1,71,2
"226","f",140,12574.3333333333,12713.3333333333,884.352001190186,1006.58699035644,0,0,"P","sagrada","sagrada",1,73,2
"228","f",626.666666666667,12727.6666666667,13353.3333333333,1018.75261261362,908.139829919693,0.569167971387879,0.279415615346085,"P","sagrada","sagrada",1,75,2
"230","f",160,13374.3333333333,13533.3333333333,1016.05440044403,981.072006225588,0,0,"P","sagrada","sagrada",1,77,2
"232","f",206.666666666667,13547.6666666667,13753.3333333333,975.599380579687,847.400225731634,0.44897357169228,0.38464397103383,"P","sagrada","sagrada",1,79,2
"234","f",506.666666666667,13794.3333333333,14300,897.915284329339,763.978855835764,0.677148453636856,0.282127684703484,"P","sagrada","sagrada",1,81,2
"236","f",146.666666666667,14314.3333333333,14460,866.480291193182,667.12606308677,0.366538806440062,0.382899211370926,"P","sagrada","sagrada",1,83,2
"238","f",146.666666666667,14474.3333333333,14620,845.491203308105,944.308792114258,0,0,"P","sagrada","sagrada",1,85,2
"240","f",106.666666666667,14634.3333333333,14740,875.065199971199,659.124338388443,0.41454027484944,0.281904514729382,"P","sagrada","sagrada",1,87,2
"242","f",1740,14754.3333333333,16493.3333333333,895.714390781362,755.61556578596,0.684097600781911,0.344002680683782,"P","sagrada","sagrada",1,89,2
"244","f",293.333333333333,16527.6666666667,16820,715.30538073453,657.264313697815,0.433270426679152,0.324842299023196,"P","sagrada","sagrada",1,91,2
"246","f",313.333333333333,16887.6666666667,17200,1276.63005893788,505.057059509957,0.361415973529489,0.280381589819482,"P","sagrada","sagrada",1,93,2
"248","f",180,17214.3333333333,17393.3333333333,1257.71519470215,564.553798675537,0,0,"P","sagrada","sagrada",1,95,2
"2511","f",213.333333333333,18161,18373.3333333333,1501.53480100632,291.058311939239,0.435387357259681,0.351849530011306,"P","sagrada","sagrada",1,98,2
"2531","f",660,18914.3333333333,19573.3333333333,1527.9721650403,214.23157925076,0.463243741149923,0.437639913202322,"P","sagrada","sagrada",1,100,2
"2551","f",146.666666666667,19587.6666666667,19733.3333333333,1454.11505265669,308.436218608509,0.423964872070033,0.360972898190659,"P","sagrada","sagrada",1,102,2
"2571","f",800,19754.3333333333,20553.3333333333,1170.18912022909,298.61784063975,0.669906993004528,0.326166083480665,"P","sagrada","sagrada",1,104,2
"2591","f",1206.66666666667,20567.6666666667,21773.3333333333,1109.02472497087,410.085994435937,0.910146995659521,0.402697587920538,"P","sagrada","sagrada",1,106,2
"2611","f",166.666666666667,21787.6666666667,21953.3333333333,1148.87999725342,255.241798400879,0,0,"P","sagrada","sagrada",1,108,2
"2631","f",906.666666666667,21967.6666666667,22873.3333333333,1095.10348254092,447.822595484117,0.765839117263267,0.387951246230899,"P","sagrada","sagrada",1,110,2
"2651","f",280,22894.3333333333,23173.3333333333,858.2029716855,473.551457132612,0.358910913042644,0.368218829293989,"P","sagrada","sagrada",1,112,2
"2671","f",286.666666666667,23194.3333333333,23480,704.708092800407,464.658446600271,0.588084785439868,0.359462025550264,"P","sagrada","sagrada",1,114,2
"2691","f",186.666666666667,23507.6666666667,23693.3333333333,621.434056963239,388.872321265084,0.469467138992463,0.347283872838439,"P","sagrada","sagrada",1,116,2
"2711","f",166.666666666667,23714.3333333333,23880,673.737602233887,468.26100063324,0,0,"P","sagrada","sagrada",1,118,2
"2731","f",200,23894.3333333333,24093.3333333333,625.319681803385,418.900680414836,0.465778696902333,0.383636685281867,"P","sagrada","sagrada",1,120,2
"2751","f",426.666666666667,24107.6666666667,24533.3333333333,660.855149507523,491.777746770531,0.520594116680528,0.311056234862134,"P","sagrada","sagrada",1,122,2
"2771","f",460,24554.3333333333,25013.3333333333,523.603756227355,352.908861022065,0.547900116025115,0.324353663478785,"P","sagrada","sagrada",1,124,2
"2791","f",246.666666666667,25027.6666666667,25273.3333333333,555.160733197186,312.87293532088,0.366985756771039,0.413693462192647,"P","sagrada","sagrada",1,126,2
"2811","f",126.666666666667,25294.3333333333,25420,810.063663482666,383.699840344881,0.416179499793002,0.361530344497504,"P","sagrada","sagrada",1,128,2
"2831","f",333.333333333333,25467.6666666667,25800,455.372929077148,442.596527290344,0.445748267099447,0.399823162022051,"P","sagrada","sagrada",1,130,2
"2851","f",246.666666666667,25807.6666666667,26053.3333333333,501.284498060072,394.475253852638,0.292442155865902,0.25891816051122,"P","sagrada","sagrada",1,132,2
"2871","f",220,26074.3333333333,26293.3333333333,408.318546179569,319.076344114361,0.47639692263084,0.352302868194231,"P","sagrada","sagrada",1,134,2
"2891","f",746.666666666667,26327.6666666667,27073.3333333333,436.305344990322,394.991774490901,0.601814279299706,0.321381453208744,"P","sagrada","sagrada",1,136,2
"2911","f",606.666666666667,27114.3333333333,27720,881.820870158436,340.936951605828,0.500788659337715,0.311717962388854,"P","sagrada","sagrada",1,138,2
"2931","f",700,27741,28440,1003.03204565956,269.648641531808,0.532031002120992,0.35689281692357,"P","sagrada","sagrada",1,140,2
"2951","f",493.333333333333,28507.6666666667,29000,565.142919591955,260.388145962277,0.47102054478888,0.337893537450968,"P","sagrada","sagrada",1,142,2
"2971","f",473.333333333333,29041,29513.3333333333,1013.69807326626,292.080295509016,0.499009730893693,0.343545368430475,"P","sagrada","sagrada",1,144,2
"2991","f",280,29534.3333333333,29813.3333333333,1182.65394247146,290.938370659238,0.536171399624562,0.399548573031588,"P","sagrada","sagrada",1,146,2
"3011","f",300,1,300,865.831893751356,555.703799962749,0.372796613553508,0.26568424164493,"P","casa","casa",1,1,3
"303","f",626.666666666667,314.333333333333,940,960.601021036189,751.324057152931,0.64759410574715,0.261064234951381,"P","casa","casa",1,3,3
"305","f",186.666666666667,954.333333333333,1140,879.39051430566,275.904128210885,0.370128898457112,0.396735060347682,"P","casa","casa",1,5,3
"307","f",606.666666666667,1154.33333333333,1760,889.875059274527,140.734148297991,0.777536308803468,0.53264505797726,"P","casa","casa",1,7,3
"309","f",113.333333333333,1781,1893.33333333333,993.307482477497,377.003225438735,0.475603150028575,0.363511499804081,"P","casa","casa",1,9,3
"311","f",266.666666666667,1921,2186.66666666667,970.40327989459,885.100771331787,0.465464004163915,0.431234622496658,"P","casa","casa",1,11,3
"313","f",213.333333333333,2194.33333333333,2406.66666666667,977.602200161665,784.372273921967,0.616555324657527,0.372390243559725,"P","casa","casa",1,13,3
"315","f",733.333333333333,2434.33333333333,3166.66666666667,775.514880717884,976.020741688121,0.79562195235831,0.41561887099099,"P","casa","casa",1,15,3
"317","f",226.666666666667,3201,3426.66666666667,1223.47934117037,877.606729844037,0.411980952376206,0.344463240810467,"P","casa","casa",1,17,3
"319","f",286.666666666667,3534.33333333333,3820,1300.05298561274,437.599925551304,0.363379983886022,0.2790937686882,"P","casa","casa",1,19,3
"321","f",166.666666666667,3834.33333333333,4000,1311.14188720703,565.751951986551,0.539366261463481,0.448899970235039,"P","casa","casa",1,21,3
"323","f",206.666666666667,4034.33333333333,4240,727.562632899131,541.122677305112,0.464912954232037,0.331800808399361,"P","casa","casa",1,23,3
"325","f",253.333333333333,4247.66666666667,4500,628.168927242881,644.841568093551,0.476437503421605,0.39210772882157,"P","casa","casa",1,25,3
"327","f",286.666666666667,4554.33333333333,4840,850.53231687324,512.747706901195,0.428556961919318,0.246021509735276,"P","casa","casa",1,27,3
"329","f",293.333333333333,4867.66666666667,5160,991.307127348401,368.433409257369,0.630441874454779,0.445440424561707,"P","casa","casa",1,29,3
"331","f",326.666666666667,5174.33333333333,5500,1142.67820412772,387.496174948556,0.86837549172053,0.455208279261088,"P","casa","casa",1,31,3
"333","f",233.333333333333,5534.33333333333,5766.66666666667,793.445210266113,428.944834027971,0.424447173693993,0.301172162414246,"P","casa","casa",1,33,3
"335","f",266.666666666667,5814.33333333333,6080,705.835200309753,140.469122695923,0.556684683683698,0.473953041693472,"P","casa","casa",1,35,3
"337","f",686.666666666667,6094.33333333333,6780,625.606928408725,130.30131915935,0.587289702267562,0.434523117214023,"P","casa","casa",1,37,3
"339","f",213.333333333333,6807.66666666667,7020,1084.90469890833,82.6041359901428,0.506285336689436,0.576429633420098,"P","casa","casa",1,39,3
"341","f",433.333333333333,7034.33333333333,7466.66666666667,1169.08268385667,171.438119506836,0.983310273835175,0.529090965372172,"P","casa","casa",1,41,3
"343","f",166.666666666667,7481,7646.66666666667,1101.47520446778,361.735198974609,0,0,"P","casa","casa",1,43,3
"345","f",233.333333333333,7654.33333333333,7886.66666666667,1134.5916355678,281.913790021624,0.478498240471239,0.473325651138565,"P","casa","casa",1,45,3
"347","f",226.666666666667,7914.33333333333,8140,1249.24121968886,447.462423941668,0.334585862488985,0.27471927397824,"P","casa","casa",1,47,3
"349","f",833.333333333333,8154.33333333333,8986.66666666667,1261.26635455322,580.684766413569,0.624830964530485,0.36284506665388,"P","casa","casa",1,49,3
"351","f",266.666666666667,8994.33333333333,9260,1266.04583892822,677.049299907684,0.661482330184014,0.312628549856296,"P","casa","casa",1,51,3
"353","f",186.666666666667,9274.33333333333,9460,1212.80982807704,763.673206874303,0.438058151301697,0.348280150355456,"P","casa","casa",1,53,3
"355","f",186.666666666667,9474.33333333333,9660,1084.74617195129,717.440528052194,0.665861351381541,0.47210285279274,"P","casa","casa",1,55,3
"357","f",286.666666666667,9681,9966.66666666667,1085.18221389416,806.268224494402,0.429310737086705,0.309373241097568,"P","casa","casa",1,57,3
"359","f",226.666666666667,9994.33333333333,10220,944.221270528786,835.213869880227,0.458623397251031,0.376717835033664,"P","casa","casa",1,59,3
"361","f",446.666666666667,10234.3333333333,10680,898.899152473727,848.495877052421,0.780987703708186,0.437239839328026,"P","casa","casa",1,61,3
"363","f",806.666666666667,10694.3333333333,11500,1075.83947077664,826.540066679647,0.71296439026744,0.36615307982822,"P","casa","casa",1,63,3
"365","f",246.666666666667,11514.3333333333,11760,934.245016509818,834.739590619061,0.442258845343507,0.379141866066087,"P","casa","casa",1,65,3
"367","f",366.666666666667,11774.3333333333,12140,967.030167257786,967.367586170543,0.374583931745887,0.266954252033779,"P","casa","casa",1,67,3
"369","f",306.666666666667,12174.3333333333,12480,676.383859551471,858.082422173542,0.460711608378301,0.285667473689711,"P","casa","casa",1,69,3
"371","f",806.666666666667,12514.3333333333,13320,855.704488675456,834.923542432549,0.791696572223027,0.342083884381676,"P","casa","casa",1,71,3
"373","f",653.333333333333,13354.3333333333,14006.6666666667,729.968129527812,779.570228965915,0.742045627322266,0.418976452290413,"P","casa","casa",1,73,3
"375","f",200,14041,14240,1019.97312018871,781.99541982015,0.463604565084664,0.412543885781721,"P","casa","casa",1,75,3
"377","f",346.666666666667,14254.3333333333,14600,895.221600220754,827.355390988864,0.641763472953533,0.298051403827126,"P","casa","casa",1,77,3
"379","f",173.333333333333,14621,14793.3333333333,754.478399423453,684.705254187951,0.377571941310374,0.426211811411219,"P","casa","casa",1,79,3
"381","f",313.333333333333,14854.3333333333,15166.6666666667,603.29280155263,666.773961330982,0.576470103698814,0.316154286806432,"P","casa","casa",1,81,3
"383","f",266.666666666667,15194.3333333333,15460,723.390961074829,836.90941696167,0.586464036314405,0.407818880077855,"P","casa","casa",1,83,3
"385","f",860,15481,16340,659.234159129535,768.161009322765,0.629609736252806,0.305737015466793,"P","casa","casa",1,85,3
"387","f",306.666666666667,16374.3333333333,16680,1185.42427825928,804.038400567096,0.618065789477565,0.347842920360503,"P","casa","casa",1,87,3
"389","f",1173.33333333333,16707.6666666667,17880,655.097509167411,786.659911805933,0.862389591368135,0.359446182623136,"P","casa","casa",1,89,3
"391","f",253.333333333333,17894.3333333333,18146.6666666667,739.781559191252,890.86073664615,0.472326858715685,0.35486029540064,"P","casa","casa",1,91,3
"393","f",186.666666666667,18154.3333333333,18340,816.850628580366,947.600101470947,0.339022076469074,0.408231166582626,"P","casa","casa",1,93,3
"395","f",240,18361,18600,1048.18079996109,939.688051435682,0.378027951454772,0.249917868972533,"P","casa","casa",1,95,3
"397","f",206.666666666667,18661,18866.6666666667,789.742451821604,1032.1931029289,0.375823387897879,0.336229320684021,"P","casa","casa",1,97,3
"399","f",293.333333333333,18894.3333333333,19186.6666666667,1133.02581847798,887.490369623358,0.566440446923023,0.442685591010664,"P","casa","casa",1,99,3
"401","f",153.333333333333,19194.3333333333,19346.6666666667,1179.51986130424,813.422895680303,0.553133877051736,0.403284082923778,"P","casa","casa",1,101,3
"403","f",180,19361,19540,1031.88480186462,892.27980041504,0,0,"P","casa","casa",1,103,3
"405","f",1040,19614.3333333333,20653.3333333333,1266.57883086571,692.317765676058,0.797957744469435,0.37105314077663,"P","casa","casa",1,105,3
"407","f",340,20667.6666666667,21006.6666666667,1127.9698826659,676.159094791786,0.534499383481632,0.356831325560976,"P","casa","casa",1,107,3
"409","f",613.333333333333,21034.3333333333,21646.6666666667,1244.80998180224,715.883517679961,0.691826812849287,0.334477038988146,"P","casa","casa",1,109,3
"411","f",213.333333333333,21674.3333333333,21886.6666666667,968.334900140762,738.606261968613,0.38019459181813,0.273610747153656,"P","casa","casa",1,111,3
"413","f",366.666666666667,21934.3333333333,22300,698.987868985263,538.87218556946,0.537177419698542,0.374740951643682,"P","casa","casa",1,113,3
"415","f",186.666666666667,22314.3333333333,22500,638.745598384312,613.933521883828,0.335739278311694,0.276996700848146,"P","casa","casa",1,115,3
"417","f",333.333333333333,22534.3333333333,22866.6666666667,729.073728027344,221.239944458008,0.321890738459532,0.32193560343286,"P","casa","casa",1,117,3
"419","f",186.666666666667,22881,23066.6666666667,864.359314918518,140.675785609654,0.308525614357869,0.336581417058575,"P","casa","casa",1,119,3
"421","f",586.666666666667,23094.3333333333,23680,862.753636208448,483.776427369903,0.852235859126634,0.378362899866059,"P","casa","casa",1,121,3
"423","f",266.666666666667,23694.3333333333,23960,1137.2980796814,437.852654409409,0.469514445000579,0.428666953596451,"P","casa","casa",1,123,3
"425","f",413.333333333333,23974.3333333333,24386.6666666667,1030.66374205774,320.307706894413,0.469694263705642,0.415813587463833,"P","casa","casa",1,125,3
"427","f",226.666666666667,24394.3333333333,24620,966.238023550633,332.489117790671,0.297679077845658,0.276184357893452,"P","casa","casa",1,127,3
"429","f",173.333333333333,24634.3333333333,24806.6666666667,970.608000095074,418.366453464215,0.302207194732918,0.342610508243211,"P","casa","casa",1,129,3
"431","f",246.666666666667,24834.3333333333,25080,1245.7068970139,382.542567794387,0.490422848786517,0.380347791013383,"P","casa","casa",1,131,3
"433","f",180,25101,25280,1251.53280639649,804.583801269531,0,0,"P","casa","casa",1,133,3
"435","f",233.333333333333,25294.3333333333,25526.6666666667,1267.70934840611,234.376664297921,0.55803645768746,0.514348746591477,"P","casa","casa",1,135,3
"437","f",653.333333333333,25554.3333333333,26206.6666666667,986.147951006281,307.960236452064,0.589469012666275,0.416207346775106,"P","casa","casa",1,137,3
"439","f",253.333333333333,26234.3333333333,26486.6666666667,1173.83393779554,263.447810925935,0.276921322624445,0.34072290997944,"P","casa","casa",1,139,3
"441","f",480,26507.6666666667,26986.6666666667,1308.63320075141,189.808048460219,0.656314455202967,0.358917651625571,"P","casa","casa",1,141,3
"443","f",140,27141,27280,999.248914639155,842.315912155878,0.780693243601923,0.484148257284222,"P","casa","casa",1,143,3
"445","f",226.666666666667,27301,27526.6666666667,782.545977199779,808.294394549202,0.409880052221268,0.235582870676735,"P","casa","casa",1,145,3
"447","f",300,27547.6666666667,27846.6666666667,653.443626573351,779.76635945638,0.50080202594684,0.392786297319329,"P","casa","casa",1,147,3
"449","f",353.333333333333,27854.3333333333,28206.6666666667,727.603381030964,768.789236824467,0.386237619447971,0.258048008450284,"P","casa","casa",1,149,3
"451","f",193.333333333333,28214.3333333333,28406.6666666667,629.608054851663,767.253600021889,0.321256502006878,0.303131542465555,"P","casa","casa",1,151,3
"453","f",346.666666666667,28421,28766.6666666667,743.728430381188,744.136927678035,0.508930700817189,0.318879025230198,"P","casa","casa",1,153,3
"455","f",213.333333333333,28774.3333333333,28986.6666666667,758.879398345947,860.289693832397,0.516979853448941,0.383951605024892,"P","casa","casa",1,155,3
"457","f",180,29107.6666666667,29286.6666666667,684.217601352268,569.841200025269,0.501218335949684,0.417412568608568,"P","casa","casa",1,157,3
"459","f",520,29327.6666666667,29846.6666666667,653.349907019199,795.307428995768,0.712916648792696,0.384241847567029,"P","casa","casa",1,159,3
